benchmark,shape,input_bytes,estimate,latency_ns,ci95_lower_ns,ci95_upper_ns,throughput_mib_s
collision_bytes,constant,10485760,mean,15662330.9,15629214.407187501,15698393.817187501,638.4745708571385
collision_bytes,constant,104857600,mean,157083189.15,156796115.6425,157466085.73,636.6053588618524
collision_bytes,mixed,10485760,slope,2510050.412543554,2505630.6715716785,2516403.379679945,3983.983727986771
collision_bytes,mixed,104857600,mean,25808245.6,25624107.940625,26046611.491249997,3874.7306403500747
collision_bytes,skewed,10485760,mean,15460519.05,15394265.270625,15545176.0809375,646.8088146109169
collision_bytes,skewed,104857600,mean,155101995.6,154914392.105,155305907.21,644.7370300630743
collision_bytes,uniform,10485760,slope,2041077.1343786295,2035916.6529926865,2045879.3767725744,4899.373880372398
collision_bytes,uniform,104857600,mean,20708396.983333338,20391034.603750005,21017066.024166666,4828.959000567867
hartley_bytes,constant,10485760,mean,15617287.1,15598353.0475,15638037.887187501,640.3160764074063
hartley_bytes,constant,104857600,mean,157302627.9,156872056.4325,157928004.9625,635.717287975454
hartley_bytes,mixed,10485760,slope,2534820.318292683,2531171.808010641,2539782.462215052,3945.0528022970307
hartley_bytes,mixed,104857600,mean,25407956.45,25331438.46125,25496000.0775,3935.7750079896728
hartley_bytes,skewed,10485760,mean,15406369.3875,15385159.4428125,15429222.2353125,649.082191169162
hartley_bytes,skewed,104857600,mean,154835923.55,154423953.07125,155506029.91625,645.8449544992558
hartley_bytes,uniform,10485760,slope,1932192.6641114983,1930051.9457151892,1934515.6011191998,5175.46732566569
hartley_bytes,uniform,104857600,mean,20217567.466666665,20176443.3125,20262137.27958333,4946.1934609528635
min_entropy_bytes,constant,10485760,mean,15735920.65,15664257.332500001,15823406.9228125,635.4887154314673
min_entropy_bytes,constant,104857600,mean,157536293.65,157310041.98499998,157813533.745,634.7743601367887
min_entropy_bytes,mixed,10485760,slope,2495707.124912892,2488568.3968426054,2501975.7253564573,4006.8804148439617
min_entropy_bytes,mixed,104857600,mean,25221713.9,25139235.519375,25316812.33875,3964.8376155753635
min_entropy_bytes,skewed,10485760,mean,15450017.225,15426964.993125001,15475848.766874999,647.248469329781
min_entropy_bytes,skewed,104857600,mean,155745215.35,155366740.17499998,156219010.60500002,642.0742992025405
min_entropy_bytes,uniform,10485760,slope,1931509.2448315911,1922022.2658866374,1945099.908766485,5177.298543487895
min_entropy_bytes,uniform,104857600,mean,19278965.2,19232565.8825,19330620.011666667,5187.000389419241
renyi_bytes_near1,mixed,10485760,slope,2506958.317770035,2503143.622202294,2511622.940247504,3988.8975931977607
renyi_bytes_near1,mixed,104857600,mean,25612836.175,25563763.889375,25665138.301875,3904.2923367310373
renyi_bytes_order2,constant,10485760,mean,15723213.75,15664401.389687499,15810724.4753125,636.0022931062678
renyi_bytes_order2,constant,104857600,mean,157664230.05,156957134.995,158543974.2475,634.2592734464059
renyi_bytes_order2,mixed,10485760,slope,2510000.9768292685,2503109.535335393,2516567.960465532,3984.0621945224866
renyi_bytes_order2,mixed,104857600,mean,25549564.625,25496029.278125,25619653.559375,3913.961019208561
renyi_bytes_order2,skewed,10485760,mean,15403352.3875,15379540.930625001,15429972.1753125,649.2093245958014
renyi_bytes_order2,skewed,104857600,mean,155004011.2,154755484.89374998,155284909.49125,645.1445948129116
renyi_bytes_order2,uniform,10485760,slope,1986012.1592334495,1979041.8227343042,1997890.7942591219,5035.215899110984
renyi_bytes_order2,uniform,104857600,mean,20428482.666666664,20266904.196250007,20654323.339166664,4895.126164371027
shannon_base_bytes,constant_bits,10485760,mean,15684998.2,15652783.830625,15722805.2603125,637.5518742488604
shannon_base_bytes,constant_bits,104857600,mean,157551472.55,157182138.845,158023710.82,634.7132043990533
shannon_base_bytes,constant_decimal,10485760,mean,15712954.825,15649233.564687502,15795796.4278125,636.4175364451224
shannon_base_bytes,constant_decimal,104857600,mean,158032822.7,157473195.90125,158708864.43625,632.7799395815007
shannon_base_bytes,constant_nats,10485760,mean,15658353.675,15623893.931875,15699810.896875,638.6367435272533
shannon_base_bytes,constant_nats,104857600,mean,157523111.8,157192395.7875,157979650.2,634.8274793286555
shannon_base_bytes,constant_original,10485760,mean,15684178.875,15655797.9378125,15714391.4659375,637.5851792878765
shannon_base_bytes,constant_original,104857600,mean,157563925.65,157379583.13,157764701.0425,634.6630396994046
shannon_base_bytes,mixed_bits,10485760,slope,2473305.106445993,2469012.7048264625,2479238.6285755932,4043.1728272980704
shannon_base_bytes,mixed_bits,104857600,mean,25512717.0,25442770.378125,25589034.630000003,3919.6138929460158
shannon_base_bytes,mixed_decimal,10485760,slope,2472796.1675958186,2467048.0857654894,2479918.1039887527,4044.004973415387
shannon_base_bytes,mixed_decimal,104857600,mean,25506940.2,25450093.006874997,25563893.634375,3920.5016052846668
shannon_base_bytes,mixed_nats,10485760,slope,2486775.758013937,2472189.4578608116,2502755.8738542995,4021.271305936526
shannon_base_bytes,mixed_nats,104857600,mean,25619599.625,25487277.451875,25799553.583750002,3903.2616224969597
shannon_base_bytes,mixed_original,10485760,slope,2523607.381533101,2518600.256010363,2528616.736802877,3962.581530382496
shannon_base_bytes,mixed_original,104857600,mean,25649404.45,25594301.39,25710731.645625003,3898.725999464678
shannon_base_bytes,skewed_bits,10485760,mean,15421751.6,15398301.3125,15448210.740937501,648.4347731291432
shannon_base_bytes,skewed_bits,104857600,mean,154896901.75,154733796.87,155069801.26625,645.5907049799981
shannon_base_bytes,skewed_decimal,10485760,mean,15597749.075,15506694.1975,15697549.2996875,641.1181480043139
shannon_base_bytes,skewed_decimal,104857600,mean,155183114.45,154868654.6725,155551872.07375002,644.4000067560186
shannon_base_bytes,skewed_nats,10485760,mean,15395750.3125,15378142.505,15415131.7865625,649.5298895488631
shannon_base_bytes,skewed_nats,104857600,mean,155283628.8,154946038.715,155695609.92125,643.9828897146432
shannon_base_bytes,skewed_original,10485760,mean,15479091.425,15406056.773125,15590022.067187501,646.0327499486941
shannon_base_bytes,skewed_original,104857600,mean,155085478.9,154876761.91750002,155302801.37625,644.8056949579436
shannon_base_bytes,uniform_bits,10485760,slope,1930339.4615563299,1926097.4142877941,1934266.9429832522,5180.435979865186
shannon_base_bytes,uniform_bits,104857600,mean,19755873.383333333,19679669.309166662,19852178.30333333,5061.785832478715
shannon_base_bytes,uniform_decimal,10485760,slope,1932952.0171893148,1926857.7387267724,1938950.7978490535,5173.434162396278
shannon_base_bytes,uniform_decimal,104857600,mean,19652149.23333333,19615394.39958333,19694319.28958333,5088.501965494099
shannon_base_bytes,uniform_nats,10485760,slope,1939875.4867595818,1928479.1445734955,1954888.5298844804,5154.970031970587
shannon_base_bytes,uniform_nats,104857600,mean,19881062.800000004,19680298.043333333,20138857.362500004,5029.912183567972
shannon_base_bytes,uniform_original,10485760,slope,1997353.1047619048,1992764.3793891864,2003348.6223394554,5006.626007268782
shannon_base_bytes,uniform_original,104857600,mean,20441452.55,20407321.655416664,20478187.915,4892.020259098466
shannon_bytes,constant,10485760,mean,15696990.0,15641534.206875,15777091.7725,637.0648130628866
shannon_bytes,constant,104857600,mean,157351297.35,156966250.06125,157888439.7125,635.520657815536
shannon_bytes,mixed,10485760,slope,2511610.0975609757,2507041.862884409,2516695.108336675,3981.50971351445
shannon_bytes,mixed,104857600,mean,25892119.45,25654063.554375,26293527.10625,3862.1789997960173
shannon_bytes,skewed,10485760,mean,15409915.225,15383864.5721875,15441168.6290625,648.9328366827534
shannon_bytes,skewed,104857600,mean,154787670.35,154469132.15125,155277126.01250002,646.0462889187737
shannon_bytes,uniform,10485760,slope,1969297.025087108,1965732.2200855736,1974038.9767920084,5077.9541494293735
shannon_bytes,uniform,104857600,mean,20273869.016666662,20237715.57291666,20311978.65791667,4932.457633902655
tsallis_bytes_near1,mixed,10485760,slope,2468906.599651568,2460262.3513926705,2482602.7515866566,4050.3759848231116
tsallis_bytes_near1,mixed,104857600,mean,25472779.7,25414408.154374998,25537490.45625,3925.759229174349
tsallis_bytes_order2,constant,10485760,mean,15703954.35,15658231.121875,15759565.551250001,636.7822891690971
tsallis_bytes_order2,constant,104857600,mean,157670351.65,157287428.69125,158195242.5375,634.2346481346228
tsallis_bytes_order2,mixed,10485760,slope,2461184.5742160277,2455320.3812998035,2467658.856427442,4063.0841362986134
tsallis_bytes_order2,mixed,104857600,mean,25423806.075,25385059.13375,25462468.009999998,3933.321380166325
tsallis_bytes_order2,skewed,10485760,mean,15430756.075,15403199.893125001,15463257.840625,648.0563850141738
tsallis_bytes_order2,skewed,104857600,mean,155295899.1,154928268.86625,155815171.22625,643.9320070880095
tsallis_bytes_order2,uniform,10485760,slope,1913531.2133565622,1910475.7443087,1916168.2207099719,5225.940361045277
tsallis_bytes_order2,uniform,104857600,mean,19798812.35,19712660.370833334,19928375.78875,5050.808009703673
