benchmark,input_bytes,estimate,latency_ns,ci95_lower_ns,ci95_upper_ns,throughput_mib_s
shannon_base_bytes/constant_bits/1024,1024,slope,1574.791901,1571.487416,1578.386511,620.121617
shannon_base_bytes/constant_bits/1048576,1048576,slope,1568011.978355,1562847.345745,1578415.274123,637.750230
shannon_base_bytes/constant_bits/10485760,10485760,slope,15693335.444156,15651545.897720,15737434.069694,637.213168
shannon_base_bytes/constant_bits/16,16,slope,243.487961,242.850258,243.956707,62.667530
shannon_base_bytes/constant_bits/16384,16384,slope,23907.930994,23868.570645,23946.610259,653.548816
shannon_base_bytes/constant_bits/256,256,slope,538.227876,537.649582,539.285457,453.600855
shannon_base_bytes/constant_bits/4096,4096,slope,5872.820501,5861.833604,5882.104259,665.140370
shannon_base_bytes/constant_bits/64,64,slope,302.396829,301.478775,303.295911,201.837951
shannon_base_bytes/constant_bits/65536,65536,slope,97135.809008,97047.338836,97215.897706,643.429037
shannon_base_bytes/constant_decimal/1024,1024,slope,1584.525752,1574.952463,1603.580165,616.312167
shannon_base_bytes/constant_decimal/1048576,1048576,slope,1559510.046320,1556440.295501,1563375.816430,641.227033
shannon_base_bytes/constant_decimal/10485760,10485760,slope,15638697.981818,15594934.888218,15673602.882530,639.439422
shannon_base_bytes/constant_decimal/16,16,slope,243.367227,243.011421,243.954845,62.698619
shannon_base_bytes/constant_decimal/16384,16384,slope,24000.867949,23901.914481,24108.533775,651.018123
shannon_base_bytes/constant_decimal/256,256,slope,537.732002,537.355869,538.244714,454.019147
shannon_base_bytes/constant_decimal/4096,4096,slope,5886.686571,5862.228233,5913.318259,663.573634
shannon_base_bytes/constant_decimal/64,64,slope,304.717781,300.921581,307.738611,200.300606
shannon_base_bytes/constant_decimal/65536,65536,slope,97398.213213,97208.293247,97619.411418,641.695550
shannon_base_bytes/constant_nats/1024,1024,slope,1573.835382,1571.778302,1575.279339,620.498504
shannon_base_bytes/constant_nats/1048576,1048576,slope,1579839.501732,1556655.592637,1605641.004329,632.975691
shannon_base_bytes/constant_nats/10485760,10485760,slope,15656220.412987,15645294.563694,15666164.159674,638.723762
shannon_base_bytes/constant_nats/16,16,slope,242.951257,242.757046,243.140820,62.805969
shannon_base_bytes/constant_nats/16384,16384,slope,24036.951317,23893.974966,24390.221632,650.040839
shannon_base_bytes/constant_nats/256,256,slope,538.783069,537.518199,540.256551,453.133439
shannon_base_bytes/constant_nats/4096,4096,slope,5879.232105,5875.126541,5882.936424,664.415000
shannon_base_bytes/constant_nats/64,64,slope,301.746751,301.155880,302.684123,202.272787
shannon_base_bytes/constant_nats/65536,65536,slope,97309.065488,97161.809051,97522.227414,642.283426
shannon_base_bytes/constant_original/1024,1024,slope,1576.345534,1573.706009,1579.611933,619.510430
shannon_base_bytes/constant_original/1048576,1048576,slope,1560021.596537,1559077.383733,1560949.717552,641.016767
shannon_base_bytes/constant_original/10485760,10485760,slope,15677837.298701,15634083.499200,15710600.921053,637.843078
shannon_base_bytes/constant_original/16,16,slope,241.404690,240.885307,242.738194,63.208337
shannon_base_bytes/constant_original/16384,16384,slope,24078.265518,24008.150435,24167.658246,648.925480
shannon_base_bytes/constant_original/256,256,slope,524.513668,524.035719,525.114309,465.460940
shannon_base_bytes/constant_original/4096,4096,slope,5979.579570,5970.402289,5989.637273,653.264992
shannon_base_bytes/constant_original/64,64,slope,297.161676,296.537209,297.901500,205.393767
shannon_base_bytes/constant_original/65536,65536,slope,97201.693921,97136.364648,97276.943617,642.992910
shannon_base_bytes/mixed_bits/1024,1024,slope,1715.156757,1699.677561,1730.161072,569.372156
shannon_base_bytes/mixed_bits/1048576,1048576,slope,260232.571645,257173.535162,262701.160617,3842.716512
shannon_base_bytes/mixed_bits/10485760,10485760,slope,2517120.268831,2509605.932881,2526486.929326,3972.793880
shannon_base_bytes/mixed_bits/16,16,slope,300.909836,300.484613,301.481133,50.708841
shannon_base_bytes/mixed_bits/16384,16384,slope,6111.625436,6079.899459,6186.300751,2556.603012
shannon_base_bytes/mixed_bits/256,256,slope,1088.176672,1086.996928,1090.459368,224.357525
shannon_base_bytes/mixed_bits/4096,4096,slope,2306.120823,2302.000358,2311.979678,1693.861814
shannon_base_bytes/mixed_bits/64,64,slope,501.072486,500.271021,501.985644,121.809035
shannon_base_bytes/mixed_bits/65536,65536,slope,17478.788961,17463.969186,17494.029871,3575.762608
shannon_base_bytes/mixed_decimal/1024,1024,slope,1703.709884,1699.310063,1713.792470,573.197649
shannon_base_bytes/mixed_decimal/1048576,1048576,slope,253876.480941,253529.823864,254306.368215,3938.923355
shannon_base_bytes/mixed_decimal/10485760,10485760,slope,2534970.302597,2509803.794643,2565060.091889,3944.819389
shannon_base_bytes/mixed_decimal/16,16,slope,300.242413,300.040427,300.456449,50.821564
shannon_base_bytes/mixed_decimal/16384,16384,slope,6079.535784,6065.177875,6088.631929,2570.097546
shannon_base_bytes/mixed_decimal/256,256,slope,1089.132521,1088.092251,1090.949453,224.160624
shannon_base_bytes/mixed_decimal/4096,4096,slope,2313.880529,2302.365232,2331.479567,1688.181370
shannon_base_bytes/mixed_decimal/64,64,slope,500.379673,499.895804,500.739103,121.977689
shannon_base_bytes/mixed_decimal/65536,65536,slope,17521.833189,17492.279659,17570.719621,3566.978371
shannon_base_bytes/mixed_nats/1024,1024,slope,1700.207552,1697.569200,1703.876436,574.378404
shannon_base_bytes/mixed_nats/1048576,1048576,slope,253551.673499,252777.427597,254720.393033,3943.969236
shannon_base_bytes/mixed_nats/10485760,10485760,slope,2512221.353247,2501946.633257,2524480.441754,3980.540961
shannon_base_bytes/mixed_nats/16,16,slope,301.044412,300.515064,301.989147,50.686173
shannon_base_bytes/mixed_nats/16384,16384,slope,6078.038080,6053.717952,6100.670994,2570.730850
shannon_base_bytes/mixed_nats/256,256,slope,1089.392508,1087.971578,1090.386797,224.107127
shannon_base_bytes/mixed_nats/4096,4096,slope,2305.679836,2301.873524,2311.671071,1694.185784
shannon_base_bytes/mixed_nats/64,64,slope,500.627433,499.841910,502.108269,121.917323
shannon_base_bytes/mixed_nats/65536,65536,slope,17571.467203,17501.848839,17631.936908,3556.902749
shannon_base_bytes/mixed_original/1024,1024,slope,1701.897238,1697.947117,1707.550974,573.808147
shannon_base_bytes/mixed_original/1048576,1048576,slope,260606.632179,256886.528535,265798.668444,3837.200886
shannon_base_bytes/mixed_original/10485760,10485760,slope,2525774.369481,2522000.341667,2528451.522160,3959.181834
shannon_base_bytes/mixed_original/16,16,slope,299.657116,299.230224,300.238983,50.920830
shannon_base_bytes/mixed_original/16384,16384,slope,7432.876257,7415.984191,7453.701921,2102.147198
shannon_base_bytes/mixed_original/256,256,slope,1086.593951,1085.305537,1087.956951,224.684322
shannon_base_bytes/mixed_original/4096,4096,slope,2301.917890,2299.892166,2305.065959,1696.954534
shannon_base_bytes/mixed_original/64,64,slope,497.869320,497.424259,498.303091,122.592724
shannon_base_bytes/mixed_original/65536,65536,slope,17450.799610,17354.108236,17545.285144,3581.497776
shannon_base_bytes/skewed_bits/1024,1024,slope,1579.537048,1577.871550,1581.487178,618.258686
shannon_base_bytes/skewed_bits/1048576,1048576,slope,1541981.938528,1539457.814103,1546992.765316,648.516027
shannon_base_bytes/skewed_bits/10485760,10485760,slope,15450929.412987,15405766.727891,15496066.725641,647.210257
shannon_base_bytes/skewed_bits/16,16,slope,256.689669,256.369703,256.952874,59.444500
shannon_base_bytes/skewed_bits/16384,16384,slope,24135.194812,24108.282446,24166.889376,647.394816
shannon_base_bytes/skewed_bits/256,256,slope,628.314899,627.583804,629.601073,388.564119
shannon_base_bytes/skewed_bits/4096,4096,slope,5857.427401,5841.442575,5871.377142,666.888334
shannon_base_bytes/skewed_bits/64,64,slope,314.035062,313.794388,314.202922,194.357776
shannon_base_bytes/skewed_bits/65536,65536,slope,96291.212878,96157.391985,96489.844998,649.072726
shannon_base_bytes/skewed_decimal/1024,1024,slope,1593.185212,1581.184524,1618.535304,612.962318
shannon_base_bytes/skewed_decimal/1048576,1048576,slope,1541050.231169,1535957.407781,1548217.815118,648.908115
shannon_base_bytes/skewed_decimal/10485760,10485760,slope,15437379.194805,15375950.362573,15505931.439347,647.778349
shannon_base_bytes/skewed_decimal/16,16,slope,256.610938,256.336892,257.065051,59.462738
shannon_base_bytes/skewed_decimal/16384,16384,slope,24216.941899,24161.089864,24280.614018,645.209460
shannon_base_bytes/skewed_decimal/256,256,slope,628.103732,626.764722,629.384207,388.694753
shannon_base_bytes/skewed_decimal/4096,4096,slope,5846.759721,5837.387330,5854.721047,668.105102
shannon_base_bytes/skewed_decimal/64,64,slope,317.606598,313.952660,322.910097,192.172192
shannon_base_bytes/skewed_decimal/65536,65536,slope,96359.350157,96222.238067,96630.494794,648.613756
shannon_base_bytes/skewed_nats/1024,1024,slope,1581.120869,1578.703040,1583.337271,617.639372
shannon_base_bytes/skewed_nats/1048576,1048576,slope,1538916.430736,1537066.008296,1541055.516932,649.807865
shannon_base_bytes/skewed_nats/10485760,10485760,slope,15404840.862338,15364580.091809,15434388.883929,649.146595
shannon_base_bytes/skewed_nats/16,16,slope,256.610837,256.368536,256.889186,59.462762
shannon_base_bytes/skewed_nats/16384,16384,slope,24291.727853,24187.274985,24544.737021,643.223080
shannon_base_bytes/skewed_nats/256,256,slope,628.067276,627.505403,628.961095,388.717315
shannon_base_bytes/skewed_nats/4096,4096,slope,5841.190365,5835.534432,5851.681144,668.742115
shannon_base_bytes/skewed_nats/64,64,slope,314.177100,313.692377,315.306154,194.269907
shannon_base_bytes/skewed_nats/65536,65536,slope,99228.181189,97179.842218,102325.734002,629.861389
shannon_base_bytes/skewed_original/1024,1024,slope,1613.746172,1610.846913,1618.011374,605.152481
shannon_base_bytes/skewed_original/1048576,1048576,slope,1542895.874026,1537365.915209,1549364.274691,648.131878
shannon_base_bytes/skewed_original/10485760,10485760,slope,15438408.010390,15376814.017307,15514158.918909,647.735181
shannon_base_bytes/skewed_original/16,16,slope,251.187025,249.588445,254.982451,60.746725
shannon_base_bytes/skewed_original/16384,16384,slope,24340.963933,24241.894246,24482.268194,641.921990
shannon_base_bytes/skewed_original/256,256,slope,615.136948,614.341319,615.760775,396.888247
shannon_base_bytes/skewed_original/4096,4096,slope,6121.087299,6116.312788,6128.478519,638.162766
shannon_base_bytes/skewed_original/64,64,slope,310.402663,310.023969,310.896027,196.632193
shannon_base_bytes/skewed_original/65536,65536,slope,96528.725332,96371.019813,96748.406167,647.475659
shannon_base_bytes/uniform_bits/1024,1024,slope,1685.301261,1667.972669,1703.384284,579.458713
shannon_base_bytes/uniform_bits/1048576,1048576,slope,196392.079942,195891.383120,196905.769326,5091.855029
shannon_base_bytes/uniform_bits/10485760,10485760,slope,2028299.019221,2021329.394750,2039796.501609,4930.239528
shannon_base_bytes/uniform_bits/16,16,slope,318.448142,317.023772,320.818033,47.916088
shannon_base_bytes/uniform_bits/16384,16384,slope,4109.740889,4089.114214,4157.465393,3801.942853
shannon_base_bytes/uniform_bits/256,256,slope,1550.299221,1547.210193,1556.152471,157.479680
shannon_base_bytes/uniform_bits/4096,4096,slope,2155.996246,2153.690211,2158.441123,1811.807422
shannon_base_bytes/uniform_bits/64,64,slope,568.780353,559.733048,578.413493,107.308834
shannon_base_bytes/uniform_bits/65536,65536,slope,14631.922444,14579.623311,14672.252801,4271.482455
shannon_base_bytes/uniform_decimal/1024,1024,slope,1670.244230,1667.530321,1675.014508,584.682457
shannon_base_bytes/uniform_decimal/1048576,1048576,slope,196331.628571,195590.798798,197101.134365,5093.422834
shannon_base_bytes/uniform_decimal/10485760,10485760,slope,2024965.437403,2018859.608603,2030803.386227,4938.355893
shannon_base_bytes/uniform_decimal/16,16,slope,318.540443,317.246268,319.700301,47.902203
shannon_base_bytes/uniform_decimal/16384,16384,slope,4088.755451,4083.721371,4093.223427,3821.456232
shannon_base_bytes/uniform_decimal/256,256,slope,1546.163394,1544.759472,1547.198663,157.900922
shannon_base_bytes/uniform_decimal/4096,4096,slope,2159.349808,2155.789281,2162.347678,1808.993608
shannon_base_bytes/uniform_decimal/64,64,slope,560.408825,559.997941,561.005725,108.911840
shannon_base_bytes/uniform_decimal/65536,65536,slope,14507.470481,14472.949458,14569.910566,4308.125257
shannon_base_bytes/uniform_nats/1024,1024,slope,1671.767226,1668.139010,1677.687074,584.149805
shannon_base_bytes/uniform_nats/1048576,1048576,slope,196054.162697,195353.829364,196865.142730,5100.631306
shannon_base_bytes/uniform_nats/10485760,10485760,slope,2033318.041039,2023998.145806,2041069.257867,4918.069775
shannon_base_bytes/uniform_nats/16,16,slope,319.576975,317.135613,322.348491,47.746835
shannon_base_bytes/uniform_nats/16384,16384,slope,4093.867810,4083.108089,4104.217106,3816.684056
shannon_base_bytes/uniform_nats/256,256,slope,1549.310635,1546.577127,1553.794915,157.580165
shannon_base_bytes/uniform_nats/4096,4096,slope,2157.118943,2153.714693,2161.272940,1810.864446
shannon_base_bytes/uniform_nats/64,64,slope,560.811224,560.082005,561.436287,108.833692
shannon_base_bytes/uniform_nats/65536,65536,slope,14539.618805,14521.745758,14575.911446,4298.599629
shannon_base_bytes/uniform_original/1024,1024,slope,1667.529030,1663.775677,1669.817770,585.634482
shannon_base_bytes/uniform_original/1048576,1048576,slope,202969.340317,202566.414641,203435.807417,4926.852491
shannon_base_bytes/uniform_original/10485760,10485760,slope,2013784.400519,2001406.410378,2026842.373604,4965.774885
shannon_base_bytes/uniform_original/16,16,slope,319.407948,318.631603,320.079995,47.772102
shannon_base_bytes/uniform_original/16384,16384,slope,4071.970172,4070.117042,4076.166485,3837.208855
shannon_base_bytes/uniform_original/256,256,slope,1547.504783,1541.049461,1552.775015,157.764052
shannon_base_bytes/uniform_original/4096,4096,slope,2147.394630,2143.950348,2150.441608,1819.064808
shannon_base_bytes/uniform_original/64,64,slope,561.004710,560.149033,562.141973,108.796156
shannon_base_bytes/uniform_original/65536,65536,slope,15420.403767,15402.200396,15454.010044,4053.071563
shannon_base_distribution/constant_bits,,slope,207.860055,207.638281,208.206418,
shannon_base_distribution/constant_decimal,,slope,207.809952,207.576266,208.059198,
shannon_base_distribution/constant_maximum,,slope,208.405029,207.911378,209.148824,
shannon_base_distribution/constant_nats,,slope,208.331196,207.889256,208.927885,
shannon_base_distribution/constant_near_one,,slope,207.953445,207.789537,208.086672,
shannon_base_distribution/constant_original,,slope,210.341811,209.995123,210.946905,
shannon_base_distribution/mixed_bits,,slope,1480.815406,1479.354748,1482.793180,
shannon_base_distribution/mixed_decimal,,slope,1483.409464,1481.166074,1485.173874,
shannon_base_distribution/mixed_maximum,,slope,1482.917758,1480.959038,1484.519729,
shannon_base_distribution/mixed_nats,,slope,1483.767698,1480.100414,1486.550387,
shannon_base_distribution/mixed_near_one,,slope,1480.208085,1478.570182,1482.511614,
shannon_base_distribution/mixed_original,,slope,1476.988169,1473.507269,1482.092761,
shannon_base_distribution/skewed_bits,,slope,228.110155,225.060689,232.307122,
shannon_base_distribution/skewed_decimal,,slope,224.867258,224.757688,224.962886,
shannon_base_distribution/skewed_maximum,,slope,225.383861,225.112358,225.750368,
shannon_base_distribution/skewed_nats,,slope,225.880053,225.130364,227.291433,
shannon_base_distribution/skewed_near_one,,slope,226.067126,225.721590,226.535014,
shannon_base_distribution/skewed_original,,slope,225.389160,224.724838,226.731277,
shannon_base_distribution/uniform_bits,,slope,1483.309290,1480.844794,1487.799246,
shannon_base_distribution/uniform_decimal,,slope,1481.305667,1480.013532,1483.346439,
shannon_base_distribution/uniform_maximum,,slope,1481.161031,1479.503356,1482.699762,
shannon_base_distribution/uniform_nats,,slope,1488.074552,1480.795066,1498.978176,
shannon_base_distribution/uniform_near_one,,slope,1494.334126,1478.560275,1515.090570,
shannon_base_distribution/uniform_original,,slope,1472.994252,1468.235053,1478.992465,
